2021;Obec
35;Bratislava - mestská èas Staré Mesto
6;Bratislava - mestská èas Podunajské Biskupice
21;Bratislava - mestská èas Ruinov
4;Bratislava - mestská èas Vrakuòa
17;Bratislava - mestská èas Nové Mesto
8;Bratislava - mestská èas Raèa
2;Bratislava - mestská èas Vajnory
2;Bratislava - mestská èas Devínska Nová Ves
16;Bratislava - mestská èas Dúbravka
11;Bratislava - mestská èas Karlova Ves
1;Bratislava - mestská èas Devín
3;Bratislava - mestská èas Lamaè
2;Bratislava - mestská èas Záhorská Bystrica
2;Bratislava - mestská èas Èunovo
1;Bratislava - mestská èas Jarovce
40;Bratislava - mestská èas Petralka
2;Bratislava - mestská èas Rusovce
0;Záhorie (vojenskı obvod)
1;Malé Leváre
1;Plavecké Podhradie
1;Plaveckı Mikuláš
1;Rohoník, okres Malacky
1;Sološnica
1;Studienka
1;Ve¾ké Leváre
1;Závod
1;Borinka
1;Gajary
2;Jablonové, okres Malacky
1;Jakubov
2;Kostolište
1;Kuchyòa
1;Láb
1;Lozorno
2;Malacky
1;Marianka
1;Pernek
2;Plaveckı Štvrtok
4;Stupava
1;Suchohrad
1;Vysoká pri Morave
1;Záhorská Ves
1;Zohor
1;Báhoò
1;Budmerice
1;Èastá
2;Do¾any, okres Pezinok
1;Dubová, okres Pezinok
1;Jablonec
6;Svätı Jur
2;Limbach
3;Modra
14;Pezinok
1;Píla, okres Pezinok
1;Slovenskı Grob
1;Šenkvice
1;Štefanová
1;Vinièné
1;Vinosady
1;Vištuk
1;Boldog
2;Hrubá Borša
2;Hrubı Šúr
0;Hurbanova Ves
1;Kostolná pri Dunaji
1;Krá¾ová pri Senci
2;Reca
4;Bernolákovo
1;Blatné
1;Èataj
1;Hamuliakovo
4;Chorvátsky Grob
5;Ivanka pri Dunaji
1;Kalinkovo
1;Malinovo
1;Miloslavov
2;Most pri Bratislave
1;Nová Dedinka
3;Rovinka
12;Senec
2;Tomášov
1;Tureò
1;Ve¾kı Biel
1;Vlky
2;Dunajská Luná
1;Igram
1;Kaplna
1;Zálesie, okres Senec
0;Novı Svet
10;Dunajská Streda
1;Báè
1;Baka
1;Baloò
1;Blahová
1;Blatná na Ostrove
1;Bohe¾ov
1;Èakany
3;Ve¾kı Meder
1;Èiliská Radvaò
1;Dobrohoš
1;Dolnı Bar
3;Gabèíkovo
2;Holice
1;Horná Potôò
1;Hornı Bar
1;Dolnı Štál
1;Hubice
2;Hviezdoslavov
1;Jahodná
1;Janíky
1;Jurová
1;K¾úèovec
1;Kostolné Kraèany
1;Krá¾ovièove Kraèany
1;Kútniky
1;Kvetoslavov
1;Lehnice
1;Lúè na Ostrove
1;Medveïov
1;Mierovo
1;Michal na Ostrove
2;Novı ivot
1;Ohrady
2;Okoè
0;O¾dza
1;Orechová Potôò
1;Padáò
0;Sap
1;Pataš
1;Rohovce
9;Šamorín
1;Štvrtok na Ostrove
1;Topo¾níky
1;Òárad
1;Trnávka, okres Dunajská Streda
1;Trstená na Ostrove
1;Ve¾ká Paka
1;Ve¾ké Blahovo
1;Vojka nad Dunajom
1;Vrakúò
1;Vydrany
2;Zlaté Klasy
0;Bodíky
0;Bellova Ves
1;Dunajskı Klátov
1;Horné Mıto
1;Trhová Hradská
0;Macov
0;Mad
1;Malé Dvorníky
1;Ve¾ké Dvorníky
1;Povoda
1;Vieska, okres Dunajská Streda
1;Èenkovce
0;Kyselica
0;Potônske Lúky
5;Galanta
1;Abrahám
1;Èierna Voda
1;Èierny Brod
2;Dolné Saliby
0;Dolnı Chotár
1;Gáò
2;Horné Saliby
1;Hoste
2;Jánovce, okres Galanta
1;Jelka
1;Kajal
1;Košúty
1;Krá¾ov Brod
1;Mostová
1;Pata
1;Pusté Sady
1;Pusté Ú¾any
2;Sereï
4;Sládkovièovo
0;Šalgoèka
1;Šintava
1;Šoporòa
1;Tomášikovo
1;Topo¾nica
2;Trstice
1;Váhovce
1;Ve¾ká Maèa
2;Ve¾ké Ú¾any
1;Ve¾kı Grob
1;Vinohrady nad Váhom
1;Vozokany, okres Galanta
1;Zemianske Sady
1;Matúškovo
1;Dolná Streda
1;Malá Maèa
1;Bojnièky
1;Èerveník
1;Dolné Otrokovce
1;Dolné Trhovište
1;Dvorníky
7;Hlohovec
1;Horné Otrokovce
1;Jalšové
1;K¾aèany
1;Koplotovce
1;Leopoldov
1;Madunice
1;Merašice
1;Pastuchov
1;Sasinkovo
1;Siladice
1;Trakovice
1;lkovce
0;Ratkovce
1;Dolné Zelenice
1;Horné Zelenice
1;Horné Trhovište
0;Tekolïany
0;Teplièky
1;Borovce
1;Dolnı Lopašov
1;Drahovce
1;Dubovany
1;Chtelnica
1;Koèín-Lanèár
1;Krakovany
1;Moravany nad Váhom
3;Niná, okres Piešany
1;Ostrov, okres Piešany
1;Peèeòady
6;Piešany
1;Prašník
1;Rakovice
1;Ratnovce
1;Sokolovce
1;Trebatice
1;Ve¾ké Kosto¾any
1;Veselé
1;Vrbové
1;Šterusy
1;Ve¾ké Orvište
1;Hubina
1;Ducové
1;Bašovce
1;Šípkové
1;Banka
2;Senica
0;Bílkove Humence
1;Borskı Svätı Jur
1;Borskı Mikuláš
1;Cerová
1;Èáry
1;Èastkov
1;Dojè
1;Hlboké
1;Hradište pod Vrátnom
1;Jablonica
1;Koválov
1;Kuklov
1;Kúty
1;Lakšárska Nová Ves
1;Moravskı Svätı Ján
1;Osuské
1;Plaveckı Peter
0;Podbranè
1;Prietr
1;Prievaly
1;Rovensko
1;Smolinské
1;Smrdáky
1;Sobotište
1;Šajdíkove Humence
1;Šaštín-Stráe
1;Štefanov
1;Sekule
1;Rohov
0;Rybky
1;Brodské
1;Dubovce
2;Gbely
1;Holíè
0;Chropov
1;Kátov
1;Kopèany
0;Koválovec
1;Letnièie
1;Lopašov
1;Mokrı Háj
1;Oreské, okres Skalica
1;Petrova Ves
1;Popudinské Moèid¾any
1;Prietrka
1;Radimov
2;Radošovce, okres Skalica
2;Skalica
0;Trnovec
1;Unín
1;Vrádište
30;Trnava
1;Bíòovce
1;Bohdanovce nad Trnavou
1;Boleráz
1;Borová
1;Brestovany
1;Buèany
1;Buková
1;Cífer
1;Dechtice
1;Dobrá Voda
1;Dolná Krupá
1;Dolné Dubové
1;Dolné Orešany
0;Horná Krupá
0;Horné Dubové
1;Horné Orešany
1;Jaslovské Bohunice
1;Kátlovce
1;Košolná
1;Majcichov
1;Malenice
0;Naháè
1;Ruindol
2;Smolenice
1;Suchá nad Parnou
1;Špaèince
1;Šúrovce
1;Trstín
1;Voderady
1;Zavar
1;Zeleneè
1;Kriovany nad Dudváhom
1;Opoj
1;Vlèkovce
1;Pavlice
1;Slovenská Nová Ves
1;Dlhá
0;Radošovce, okres Trnava
1;Dolné Lovèice
1;Šelpice
1;Lošonec
1;Biely Kostol
1;Hrnèiarovce nad Parnou
1;Zvonèín
0;¼utov
1;Malá Hradná
0;Malé Hoste
0;Miezgovce
1;Nedašovce
0;Omastiná
1;Peèeòany
2;Podluany, okres Bánovce nad Bebravou
0;Pravotice
1;Prusy
1;Ruskovce, okres Bánovce nad Bebravou
1;Rybany
1;Slatina nad Bebravou
0;Slatinka nad Bebravou
0;Šípkov
1;Šišov
1;Timoradza
0;Trebichava
1;Uhrovec
0;Uhrovské Podhradie
1;Ve¾ké Hoste
0;Ve¾ké Chlievany
0;Vysoèany
1;Zlatníky
1;itná-Radiša
8;Bánovce nad Bebravou
0;Brezolupy
0;Cimenná
1;Èierna Lehota, okres Bánovce nad Bebravou
1;Deerice
1;Dolné Naštice
0;Dubnièka
1;Dvorec
0;Haláèovce
1;Horné Naštice
1;Krásna Ves
1;Kšinná
1;Ve¾ké Drkovce
0;Otrhánky
0;Libichava
0;Chudá Lehota
0;Pochabany
0;Borèany
1;Bolešov
1;Èervenı Kameò
5;Dubnica nad Váhom
1;Dulov
1;Horná Poruba
2;Ilava
1;Košeca
1;Ladce
1;Košecké Podhradie
1;Mikušovce, okres Ilava
2;Nová Dubnica
1;Pruské
1;Tuchyòa
1;Zliechov
0;Borèice
0;Kamenièany
0;Sedmerovec
1;Slavnica
0;Krivoklát
0;Vršatské Podhradie
0;Bohunice, okres Ilava
2;Brestovec, okres Myjava
2;Brezová pod Bradlom
1;Bukovec, okres Myjava
0;Chvojnica, okres Myjava
1;Jablonka
1;Košariská
2;Myjava
0;Polianka
1;Poriadie
1;Priepasné
2;Rudník, okres Myjava
1;Stará Myjava
1;Vrbovce
1;Hrašné
1;Kostolné
1;Krajné
0;Podkylava
1;Beckov
1;Bošáca
1;Brunovce
1;Bzince pod Javorinou
2;Èachtice
1;Èastkovce
1;Dolné Srnie
1;Hôrka nad Váhom
1;Horná Streda
1;Hrádok
0;Hrachovište
1;Kálnica
1;Koèovce
1;Lubina
1;Lúka
1;Modrová
1;Modrovka
0;Moravské Lieskové
1;Nová Bošáca
0;Nová Lehota
2;Nové Mesto nad Váhom
1;Oèkov
1;Pobedim
1;Podolie
1;Potvorice
1;Povaany
0;Stará Lehota
1;Stará Turá
1;Trenèianske Bohuslavice
1;Vaïovce
1;Višòové, okres Nové Mesto nad Váhom
0;Haluzice
1;Zemianske Podhradie
0;Nová Ves nad Váhom
0;Malé Kršteòany
1;Nadlice
1;Nedanovce
1;Ostratice
7;Partizánske
1;Pai
1;Skaèany
1;Ve¾ké Kršteòany
1;Ve¾ké Uherce
1;Ve¾kı Klí
1;abokreky nad Nitrou
2;Bošany
1;Hradište, okres Partizánske
2;Chynorany
1;Klátova Nová Ves
1;Kolaèno
0;Livina
1;Livinské Opatovce
1;Krásno
0;Turèianky
1;Ješkova Ves
1;Brodzany
1;Malé Uherce
11;Povaská Bystrica
1;Brvnište
1;Dolná Mariková
1;Domania
0;Horná Mariková
1;Jasenica
0;Kostolec
1;Papradno
1;Plevník-Drienové
1;Preèín
1;Pruina
1;Stupné
1;Udièa
0;Vrchteplá
0;Záskalie
1;Sverepec
1;Dolnı Lieskov
0;Slopná
1;Hatné
0;Klieština
0;Èelkova Lehota
0;Malé Lednice
0;Sádoèné
0;Ïurïové
0;Bodiná
0;Poèarová
1;Hornı Lieskov
0;Podskalie
13;Prievidza
1;Bojnice
1;Bystrièany
1;Cige¾
1;Èavoj
1;Èereòany
1;Diviacka Nová Ves
1;Diviaky nad Nitricou
0;Dlín
1;Dolné Vestenice
1;Handlová
1;Horná Ves, okres Prievidza
1;Horné Vestenice
2;Chrenovec-Brusno
0;Chvojnica, okres Prievidza
1;Kamenec pod Vtáènikom
1;Kanianka
1;K¾aèno
1;Kocurany
1;Kostolná Ves
1;Koš
1;Lazany
2;Lehota pod Vtáènikom
1;Liešany
1;Malá Èausa
1;Malinová
1;Nedoery-Brezany
1;Nevidzany, okres Prievidza
1;Nitrianske Pravno
1;Nitrianske Rudno
1;Nitrianske Suèany
1;Nitrica
1;Nováky
1;Opatovce nad Nitrou
1;Oslany
1;Podhradie, okres Prievidza
1;Poluvsie
1;Poruba
1;Pravenec
1;Radobica
1;Ráztoèno
1;Rudnianska Lehota
1;Sebedraie
1;Seè
1;Šútovce
0;Temeš
1;Tuina
1;Valaská Belá
1;Ve¾ká Èausa
1;Zemianske Kosto¾any
1;Lipník
1;Jalovec, okres Prievidza
1;Zubák
1;Beluša
1;Dohòany
1;Dolná Breznica
2;Horovce, okres Púchov
1;Lazy pod Makytou
1;Lednica
1;Lednické Rovne
1;Lúky
1;Lysá pod Makytou
1;Mesteèko
0;Mojtín
8;Púchov
1;Visolaje
1;Zárieèie
1;Dolné Koèkovce
1;Nimnica
1;Streenice
0;Vydrná
1;Kvašov
0;Horná Breznica
24;Trenèín
1;Adamovské Kochanovce
1;Bobot
1;Dolná Poruba
1;Dolná Súèa
1;Drietoma
1;Dubodiel
2;Horná Súèa
0;Horòany
1;Horné Srnie
0;Hrabovka
1;Chocholná-Velèice
1;Ivanovce
1;Kostolná-Zárieèie
0;Krivosúd-Bodovka
1;Mníchova Lehota
1;Motešice
2;Nemšová
1;Neporadza, okres Trenèín
1;Omšenie
0;Opatovce
1;Selec
2;Soblahov
1;Svinná
1;Štvrtok
1;Trenèianska Teplá
1;Trenèianska Turná
1;Trenèianske Jastrabie
1;Trenèianske Mitice
1;Trenèianske Teplice
1;Ve¾ká Hradná
1;Ve¾ké Bierovce
1;Melèice-Lieskové
2;Trenèianske Stankovce
1;Skalka nad Váhom
1;Zamarovce
0;Petrova Lehota
14;Komárno
1;Bajè
1;Bodza
0;Brestovec, okres Komárno
1;Búè
1;Èalovec
1;Èíèov
0;Dedina Mládee
2;Svätı Peter
1;Dulovce
3;Hurbanovo
1;Chotín
1;Ime¾
1;Ia
1;Kamenièná
1;Klíska Nemá
3;Kolárovo
1;Kravany nad Dunajom
0;Lipové
2;Marcelová
1;Martovce
1;Moèa
1;Modrany
0;Mudroòovo
2;Nesvady
1;Okolièná na Ostrove
1;Patince
3;Pribeta
1;Radvaò nad Dunajom
1;Sokolce
1;Šrobárová
1;Tôò
1;Trávnik
1;Ve¾ké Kosihy
2;Bátorove Kosihy
1;Vrbová nad Váhom
1;Zemianska Olèa
1;Zlatná na Ostrove
0;Bodzianske Lúky
1;Virt
1;Holiare
14;Levice
1;Bajka
1;Bátovce
2;Beša, okres Levice
0;Bielovce
1;Bory
0;Brhlovce
1;Èajkov
1;Èaka
1;Demandice
0;Devièany
0;Dolná Seè
1;Dolné Semerovce
1;Dolnı Pial
0;Domadice
0;Drenice
1;Farná
1;Hokovce
1;Hontianska Vrbica
1;Horná Seè
1;Horné Semerovce
1;Horné Turovce
0;Hornı Pial
1;Hronovce
1;Hronské K¾aèany
1;Hronské Kosihy
0;Iòa
0;Ipe¾ské Ú¾any
1;Ipe¾skı Sokolec
0;Jabloòovce
1;Jur nad Hronom
1;Kalná nad Hronom
1;Kozárovce
1;Krškany
0;Kubáòovo
1;Kukuèínov
0;Kura¾any
1;Ke
1;Lok
1;Lontov
0;Lula
1;Málaš
1;Malé Ludince
1;Mıtne Ludany
1;Nová Dedina
1;Novı Tekov
1;Nırovce
1;Ondrejovce
1;Pastovce
0;Peèenice
1;Plášovce
1;Plavé Vozokany
0;Podluany, okres Levice
1;Pohronskı Ruskov
1;Pukanec
1;Rybník, okres Levice
1;Santovka
1;Sazdice
1;Sikenica
0;Slatina
0;Starı Hrádok
1;Starı Tekov
5;Šahy
1;Šalov
1;Šarovce
1;Tehla
1;Tekovské Luany
1;Tekovskı Hrádok
2;Tlmaèe
1;Tupá
0;Turá
0;Uhliská
1;Ve¾ké Ludince
1;Ve¾ké Turovce
1;Ve¾kı Ïur
1;Vyškovce nad Ip¾om
0;Vyšné nad Hronom
0;Zalaba
1;Zbrojníky
3;eliezovce
1;emberovce
0;emliare
0;Hontianske Trsany
1;Èata
1;Jesenské, okres Levice
0;Bohunice, okres Levice
0;Malé Kozmálovce
1;Ve¾ké Kozmálovce
0;Hrkovce
33;Nitra
1;Alekšince
1;Báb
1;Branè
1;Èakajovce
1;Èe¾adice
1;Èifáre
1;Dolné Obdokovce
1;Golianovo
1;Hruboòovo
1;Jarok
1;Jelenec
1;Jelšovce
0;Kapince
1;Klasov
1;Kolíòany
1;Lehota
1;Lúènica nad itavou
1;Lukáèovce
1;Ve¾ké Chyndice
0;Malé Záluie
1;Melek
1;Mojmírovce
1;Nová Ves nad itavou
1;Nové Sady
1;Paòa
3;Podhorany, okres Nitra
1;Pohranice
1;Po¾nı Kesov
1;Rišòovce
1;Rumanová
1;Šurianky
1;Tajná
1;Ve¾ká Dolina
1;Ve¾ké Záluie
2;Ve¾kı Cetín
1;Vinodol
6;Vráble
1;Vıèapy-Opatovce
1;Zbehy
1;irany
0;itavce
3;Cabaj-Èápor
1;Horné Lefantovce
1;Malı Lapáš
1;Ve¾kı Lapáš
1;Èechynce
1;Malı Cetín
1;Hosová
0;Telince
1;Svätoplukovo
1;Nitrianske Hrnèiarovce
0;Malé Chyndice
1;Ivanka pri Nitre
1;Luianky
0;¼udovítová
1;Babindol
0;Štefanovièová
1;Èab
1;Dolné Lefantovce
0;Bádice
1;Štitáre
9;Nové Zámky
1;Andovce
1;Bajtava
1;Bánov
1;Bardoòovo
2;Belá, okres Nové Zámky
1;Bešeòov
1;Bíòa
1;Branovo
1;Bruty
0;Èechy
1;Èerník
1;Dedinka
1;Dolnı Ohaj
1;Dubník
2;Dvory nad itavou
1;Gbelce
1;Hul
1;Ch¾aba
1;Jasová
1;Jatov
1;Kamenica nad Hronom
1;Kamenín
1;Kamennı Most
1;Kmeovo
1;Kolta
1;Komjatice
1;Komoèa
0;Le¾a
1;Lipová, okres Nové Zámky
1;¼ubá
1;Malá nad Hronom
1;Malé Kosihy
1;Maòa
1;Michal nad itavou
1;Ve¾kı Kır
1;Mojzesovo
1;Mula
1;Nová Vieska
1;Palárikovo
1;Podhájska
1;Pozba
1;Radava
1;Rastislavice
1;Rúbaò
1;Salka
1;Semerovo
1;Sikenièka
1;Strekov
1;Svodín
0;Šarkan
5;Štúrovo
2;Šurany
1;Trávnica
3;Tvrdošovce
1;Ve¾ké Lovce
2;Zemné
1;Vlkas
0;Pavlová
1;Ú¾any nad itavou
1;Nána
1;Obid
1;Hájske
1;Moèenok
2;Diakovce
0;Dlhá nad Váhom
1;Krá¾ová nad Váhom
2;Neded
2;Selice
10;Ša¾a
3;Tešedíkovo
1;Trnovec nad Váhom
2;Vlèany
2;ihárec
1;Horná Krá¾ová
9;Topo¾èany
0;Lipovník, okres Topo¾èany
1;Ludanice
0;Luany
1;Malé Ripòany
0;Nemeèky
1;Nitrianska Blatnica
0;Nitrianska Streda
0;Norovce
1;Oponice
0;Podhradie, okres Topo¾èany
1;Prašice
1;Prese¾any
1;Radošina
1;Rajèany
1;Solèany
1;Súlovce
1;Šalgovce
1;Tesáre
0;Tvrdomestice
1;Urmince
1;Ve¾ké Dvorany
1;Ve¾ké Ripòany
0;Velušovce
0;Vozokany, okres Topo¾èany
2;Závada, okres Topo¾èany
0;Belince
0;Biskupová
0;Blesovce
1;Bojná
0;Èermany
0;Hajná Nová Ves
1;Horné Obdokovce
1;Horné Štitáre
1;Hrušovany
1;Kamanová
1;Koniarovce
1;Kovarce
1;Krnèa
0;Krtovce
1;Krušovce
1;Jacovce
1;Chrabrany
0;Orešany
0;Ardanovce
0;Svrbice
1;Dvorany nad Nitrou
1;Èe¾adince
0;Solèianky
0;Horné Chlebany
1;Tovarníky
1;Nemèice
1;Práznovce
2;Kuzmice, okres Topo¾èany
2;Beladice
1;Èaradice
1;Èierne K¾aèany
1;Hostie
1;Hosovce, okres Zlaté Moravce
1;Choèa
1;Jed¾ové Kosto¾any
1;Kosto¾any pod Tribeèom
1;Ladice
1;Lovce
1;Machulince
1;Mankovce
1;Martin nad itavou
1;Nemèiòany
1;Neverice
0;Nevidzany, okres Zlaté Moravce
1;Obyce
1;Skıcov
1;S¾aany
1;Slepèany
1;Tesárske Mlyòany
2;Topo¾èianky
1;Velèice
1;Vieska nad itavou
1;Volkovce
9;Zlaté Moravce
0;Zlatno, okres Zlaté Moravce
1;ikava
1;Tekovské Nemce
1;Èervenı Hrádok
1;Malé Vozokany
1;Ve¾ké Vozokany
1;itavany
2;Brezovica, okres Tvrdošín
1;Habovka
1;Hladovka
1;Liesek
0;Niná, okres Tvrdošín
1;Oravskı Biely Potok
1;Podbiel
1;Suchá Hora
1;Štefanov nad Oravou
3;Trstená
3;Tvrdošín
1;Vitanová
1;Zábiedovo
1;Zuberec
1;Èimhová
33;ilina
0;Belá, okres ilina
0;Èièmany
1;Divina
1;Divinka
1;Dlhé Pole
1;Dolná Tiina
1;Dolnı Hrièov
1;Faèkov
1;Gbe¾any
1;Hôrky
1;Hornı Hrièov
1;Jasenové
2;Kamenná Poruba, okres ilina
0;Konská, okres ilina
1;Kotrèiná Lúèka
1;Krasòany
1;Kunerad
1;Lietava
2;Lietavská Svinná-Babkov
1;Lutiše
1;Lysica
0;Malá Èierna
1;Mojš
1;Nededza
2;Podhorie, okres ilina
2;Rajec
1;Rajecká Lesná
1;Rajecké Teplice
1;Rosina
1;Stráòavy
1;Stránske
1;Stráa
1;Streèno
1;Svederník
2;Teplièka nad Váhom
2;Terchová
1;Turie
1;Varín
1;Ve¾ká Èierna
0;Višòové, okres ilina
1;Zbyòov
1;Bitarová
1;Brezany
1;Hrièovské Podhradie
1;Ovèiarsko
0;Paština Závada
1;Lietavská Lúèka
2;Porúbka, okres ilina
1;Ïurèiná
0;K¾aèe
1;Nezbudská Lúèka
0;Šuja
7;Bytèa
1;Hvozdnica
0;Jablonové, okres Bytèa
1;Kolárovice
1;Kotešová
1;Maršová-Rašov
1;Petrovice
1;Predmier
1;Sú¾ov-Hradná
1;Štiavnik
1;Ve¾ké Rovné
1;Hlboké nad Váhom
7;Èadca
2;Èierne
1;Dlhá nad Kysucou
1;Dunajov
2;Klokoèov, okres Èadca
1;Klubina
1;Koròa
1;Krásno nad Kysucou
1;Makov
2;Nová Bystrica
1;Olešná
3;Ošèadnica
1;Podvysoká
0;Radôstka
2;Raková
2;Skalité
1;Stará Bystrica
1;Staškov
1;Svrèinovec
1;Turzovka
2;Vysoká nad Kysucou
1;Zákopèie
1;Zborov nad Bystricou
10;Dolnı Kubín
1;Dlhá nad Oravou
2;Horná Lehota, okres Dolnı Kubín
1;Chlebnice
1;Istebné
0;Jasenová
1;Kra¾ovany
1;Krivá
0;Leštiny
1;Malatiná
1;Medzibrodie nad Oravou
1;Oravská Poruba
1;Oravskı Podzámok
0;Osádka
1;Párnica
0;Pokryváè
1;Pribiš
1;Pucov
1;Sedliacka Dubová
1;Velièná
1;Vyšnı Kubín
1;Zázrivá
1;aškov
0;Bziny
1;Dolnı Vadièov
1;Hornı Vadièov
3;Kysucké Nové Mesto
1;Kysuckı Lieskovec
1;Lodno
0;Lopušné Paite
1;Nesluša
1;Ochodnica
1;Povina
1;Rudina
1;Rudinka
1;Rudinská
1;Snenica
1;Rado¾a
1;Konská, okres Liptovskı Mikuláš
14;Liptovskı Mikuláš
0;Beòadiková
0;Bobrovèek
1;Bobrovec
0;Bobrovník
0;Bukovina
0;Demänovská Dolina
2;Dúbrava, okres Liptovskı Mikuláš
0;Galovany
1;Gôtovany
0;Huty
1;Hybe
2;Jakubovany, okres Liptovskı Mikuláš
0;Jalovec, okres Liptovskı Mikuláš
1;Jamník, okres Liptovskı Mikuláš
1;Krá¾ova Lehota
1;Kvaèany, okres Liptovskı Mikuláš
0;Lazisko
0;Liptovská Anna
1;Liptovská Kokava
1;Liptovská Sielnica
0;Liptovské Beharovce
0;Liptovské K¾aèany
0;Liptovské Matiašovce
4;Liptovskı Hrádok
1;Liptovskı Ján
1;Liptovskı Ondrej
1;Liptovskı Trnovec
1;¼ube¾a
0;Malatíny
0;Malé Borové
0;Maluiná
0;Niná Boca
1;Partizánska ¼upèa
1;Pavèina Lehota
0;Pavlova Ves
1;Podtureò
1;Pribylina
1;Prosiek
1;Smreèany
1;Svätı Krí
0;Trstené
0;Uhorská Ves
1;Vavrišovo
1;Vaec
0;Ve¾ké Borové
1;Veterná Poruba
1;Vlachy
1;Vıchodná
0;Vyšná Boca
1;Závaná Poruba
0;iar, okres Liptovskı Mikuláš
0;Iipovce
1;Liptovská Porúbka
1;Liptovskı Peter
19;Martin
1;Belá-Dulice
1;Benice
1;Blatnica
1;Bystrièka
1;Ïanová
0;Diaková
0;Dolnı Kalník
1;Drakovce
0;Folkušová
0;Hornı Kalník
0;Karlová
1;Kláštor pod Znievom
1;Košany nad Turcom
1;Krpe¾any
0;Laskár
0;Leiachov
1;Lipovec, okres Martin
1;Necpaly
0;Nolèovo
0;Podhradie, okres Martin
1;Príbovce
0;Rakovo
0;Ratkovo
1;Sklabiòa
0;Sklabinskı Podzámok
1;Slovany
0;Socovce
1;Suèany
1;Šútovo
1;Trebostovo
0;Trnovo
2;Turany
1;Turèianska Štiavnièka
1;Turèianske K¾aèany
0;Turèiansky Ïur
0;Turèiansky Peter
1;Valèa
0;Vrícko
0;Záborie
1;abokreky
1;Turèianske Jaseno
4;Vrútky
1;Babín
1;Beòadovo
1;Bobrov
2;Breza
1;Hruštín
2;Klin
1;Krušetnica
1;Lokca
1;Lomná
2;Mútne
5;Námestovo
1;Novo
1;Oravská Jasenica
1;Oravská Lesná
2;Oravská Polhora
1;Oravské Veselé
2;Rabèa
1;Rabèice
1;Sihelné
1;apešovo
1;Vasi¾ov
2;Vavreèka
2;Zákamenné
2;Zubrohlava
1;Ivachnová
0;Turík
1;Bešeòová
1;Hubová
1;Kalameny
1;Komjatná
1;Likavka
1;Liptovská Lúna
1;Liptovská Osada
1;Liptovská Štiavnica
1;Liptovská Teplá
1;Liptovské Revúce
0;Liptovskı Michal
1;Lisková
1;¼ubochòa
1;Lúèky, okres Ruomberok
1;Ludrová
1;Martinèek
0;Potok, okres Ruomberok
15;Ruomberok
1;Liptovské Sliaèe
1;Stankovany
1;Štiavnièka
1;Švošov
1;Valaská Dubová
0;Abramová
0;Blaovce
0;Bodorová
0;Borcová
0;Brieštie
0;Budiš
0;Èremošné
2;Dubové, okres Turèianske Teplice
1;Háj, okres Turèianske Teplice
1;Horná Štubòa
0;Ivanèiná
0;Jasenovo
1;Jazernica
0;Ka¾amenová
0;Liešno
1;Malı Èepèín
0;Moškovec
1;Mošovce
0;Ondrašová
0;Rakša
0;Rudno
1;Sklené
1;Slovenské Pravno
1;Turèek
4;Turèianske Teplice
0;Ve¾kı Èepèín
1;Ve¾kı Krtíš
1;Balog nad Ip¾om
1;Bátorová
0;Brusník
2;Bušince
1;Èebovce
0;Èeláre
1;Èelovce, okres Ve¾kı Krtíš
0;Èerveòany
0;Daèov Lom
1;Dolinka
1;Dolná Strehová
1;Dolné Plachtince
0;Dolné Strháre
0;Ïurkovce
0;Glabušovce
1;Horná Strehová
0;Horné Plachtince
0;Horné Strháre
2;Hrušov, okres Ve¾kı Krtíš
0;Chrastince
0;Chrany
1;Ipe¾ské Predmostie
1;Kamenné Kosihy
0;Kiarov
1;Kleòany
0;Koláre
1;Kosihovce
1;Kosihy nad Ip¾om
0;Kováèovce
1;Lesenice
0;¼uborieèka
0;Malá Èalomija
0;Malé Zlievce
1;Modrı Kameò
1;Mu¾a
1;Nenince
0;Nová Ves
1;Obeckov
1;Olováry
1;Opatovská Nová Ves
0;Opava
1;Pôtor
0;Pravica
1;Príbelce
1;Seèianky
0;Se¾any
0;Senné, okres Ve¾kı Krtíš
1;Sklabiná
1;Slovenské Ïarmoty
0;Slovenské K¾aèany
1;Stredné Plachtince
0;Sucháò
0;Suché Brezovo
1;Širákov
0;Šu¾a
0;Trebušovce
1;Ve¾ká Èalomija
1;Ve¾ká Ves nad Ip¾om
0;Ve¾ké Zlievce
0;Ve¾kı Lom
0;Vieska, okres Ve¾kı Krtíš
1;Vinica
1;Vrbovka
1;Záhorce
0;Závada, okres Ve¾kı Krtíš
0;Zombor
1;elovce
0;Malı Krtíš
0;Malé Straciny
0;Ve¾ké Straciny
16;Zvolen
1;Babiná
0;Bacúrov
0;Breziny
1;Budèa
0;Bzovská Lehôtka
1;Dobrá Niva
0;Dubové, okres Zvolen
0;Hronská Breznica
1;Kováèová, okres Zvolen
0;Leš (vojenskı obvod)
0;Michalková
1;Oèová
0;Ostrá Lúka
1;Pliešovce
0;Podzámèok
0;Sása, okres Zvolen
1;Sielnica
3;Sliaè
1;Tànie
1;Turová
1;Zvolenská Slatina
1;elezná Breznica
1;Lukavica, okres Zvolen
2;Lieskovec, okres Zvolen
1;Ve¾ká Lúka
1;Hodruša-Hámre
1;Horné Hámre
1;Hrabièov
1;Hronskı Beòadik
0;K¾ak
1;Malá Lehota
1;Nová Baòa
1;Ostrı Grúò
0;Píla, okres arnovica
1;Rudno nad Hronom
1;Tekovská Breznica
1;Ve¾ká Lehota
1;Ve¾ké Pole
1;Voznica
1;arnovica
1;upkov
0;Orovnica
1;Brehy
2;iar nad Hronom
1;Bartošova Lehôtka
1;Bzenica
0;Dolná Trnávka
0;Dolná Ves
1;Dolná daòa
1;Hliník nad Hronom
1;Horná daòa
1;Hronská Dúbrava
1;Ihráè
1;Janova Lehota
1;Jastrabá
1;Kopernica
1;Kosorín
0;Krahule
2;Kremnica
0;Kremnické Bane
1;Kunešov
1;Lehôtka pod Brehmi
1;Lovèa
1;Lovèica-Trubín
0;Lúèky, okres iar nad Hronom
1;Nevo¾né
0;Pitelová
1;Prestavlky
1;Prochot
0;Repište
1;Sklené Teplice
0;Slaská
1;Stará Kremnièka
1;Trnavá Hora
1;Vyhne
0;Horná Ves, okres iar nad Hronom
1;Ladomerská Vieska
1;Lutila
39;Banská Bystrica
1;Badín
0;Baláe
1;Èerín
0;Dolná Mièiná
0;Dolnı Harmanec
0;Donovaly
0;Dúbravica
1;Harmanec
1;Hiade¾
0;Horná Mièiná
0;Horné Pršany
1;Hrocho
1;Brusno
0;Kordíky
1;Králiky
1;¼ubietová
1;Luèatín
1;Medzibrod
0;Môlèa
0;Moštenica
0;Motyèky
0;Oravce
1;Podkonice
0;Pohronskı Bukovec
1;Poniky
0;Povrazník
1;Priechod
1;Rieèka, okres Banská Bystrica
0;Sebedín-Beèov
1;Selce, okres Banská Bystrica
1;Slovenská ¼upèa
1;Staré Hory
1;Strelníky
0;Špania Dolina
1;Tajov
0;Turecká
0;Kynce¾ová
1;Nemce
1;Vlkanová
1;Hronsek
1;Malachov
1;Svätı Anton
0;Baïan
1;Banská Belá
6;Banská Štiavnica
0;Banskı Studenec
0;Beluj
0;Dekıš
1;Ilija
0;Kozelník
0;Moèiar
0;Podhorie, okres Banská Štiavnica
0;Poèúvadlo
1;Prenèov
1;Štiavnické Bane
0;Vysoká, okres Banská Štiavnica
1;Bacúch
1;Beòuš
1;Braväcovo
6;Brezno
3;Èierny Balog
1;Dolná Lehota
0;Drábsko
1;He¾pa
0;Horná Lehota, okres Brezno
1;Hronec
0;Jarabá
1;Jasenie
0;Lom nad Rimavicou
1;Michalová
1;Mıto pod Ïumbierom
1;Nemecká
0;Osrblie
3;Podbrezová
1;Pohorelá
1;Pohronská Polhora
1;Polomka
1;Predajná
0;Ráztoka
0;Sihla
1;Šumiac
1;Telgárt
1;Valaská
1;Va¾kovòa
1;Závadka nad Hronom
0;Bystrá, okres Brezno
1;Látky
0;Podkriváò
5;Detva
1;Detvianska Huta
1;Dúbravy
0;Hornı Tisovník
4;Hriòová
1;Klokoè
1;Kriváò
0;Slatinské Lazy
0;Stará Huta
1;Stook
1;Víg¾aš
1;Víg¾ašská Huta-Kalinka
1;Korytárky
1;Bzovík
1;Cerovo
1;Èabradskı Vrbovok
1;Èekovce
0;Devièie
0;Dolné Mladonice
0;Dolnı Badín
0;Domaníky
0;Dráovce
0;Drienovo
1;Dudince
1;Hontianske Moravce
1;Hontianske Nemce
1;Hontianske Tesáre
0;Horné Mladonice
0;Hornı Badín
0;Jalšovík
0;Kozí Vrbovok
0;Krá¾ovce-Krnišov
2;Krupina
0;Lackov
0;Ladzany
0;Lišov
1;Litava
0;Medovarce
0;Rykynèice
1;Sebechleby
0;Selce, okres Krupina
1;Senohrad
0;Sudince
0;Súdovce
1;Terany
0;Trpín
0;Uòatín
0;Zemiansky Vrbovok
0;ibritov
8;Luèenec
0;Ábelová
1;Belina
1;Bo¾kovce
0;Budiná
1;Buzitka
2;Èakanovce, okres Luèenec
1;Èamovce
1;Divín
1;Dobroè
0;Kotmanová
2;Fi¾akovo
1;Fi¾akovské Kováèe
1;Haliè
1;Holiša
0;Jelšovec
0;Kalonda
0;Lehôtka
0;Lentvora
0;Lipovany
1;Lovinobaòa
0;¼uboreè
0;Lupoè
0;Mašková
1;Muèín
1;Mıtna
0;Nitra nad Ip¾om
0;Nové Hony
1;Panické Dravce
0;Píla, okres Luèenec
0;Pinciná
0;Pleš
1;Podreèany
0;Polichno
0;Praha
0;Prša
1;Radzovce
1;Rapovce
0;Ratka
1;Ruiná
1;Stará Haliè
1;Šávo¾
0;Šiatorská Bukovinka
1;Šíd
0;Šurice
0;Toènica
1;Tomášovce, okres Luèenec
1;Trebe¾ovce
0;Tuhár
1;Ve¾ká nad Ip¾om
1;Ve¾ké Dravce
1;Vidiná
1;Biskupice
0;Gregorova Vieska
1;Trenè
0;Bulhary
0;Mikušovce, okres Luèenec
1;Breznièka, okres Poltár
1;Cinobaòa
0;Èeské Brezovo
0;Hradište, okres Poltár
1;Kalinovo
1;Kokava nad Rimavicou
0;Krná
1;Málinec
0;Mládzovo
0;Ozdín
2;Poltár
0;Rovòany
0;Šoltıska
1;Uhorské
0;Ve¾ká Ves
1;Hrnèiarska Ves
1;Hrnèiarske Zaluany
0;Selce, okres Poltár
0;Sušany
0;Ïubákovo
1;Utekáè
0;Zlatno, okres Poltár
1;Drkovce
1;Gemer
1;Gemerská Ves
0;Hrlica
0;Chvalová
0;Levkuška
1;Otroèok
1;Ploské, okres Revúca
0;Polina
0;Rašice
1;Ratková
0;Ratkovské Bystré
0;Rybník, okres Revúca
0;Skerešovo
0;Leváre
2;Torna¾a
0;Višòové, okres Revúca
0;iar, okres Revúca
0;Gemerské Teplice
0;Gemerskı Sad
1;Hucín
0;Chyné
1;Jelšava
1;Kameòany
1;Licince
1;Lubeník
0;Magnezitovce
1;Muráò
2;Muránska Dlhá Lúka
0;Muránska Huta
0;Muránska Lehota
0;Muránska Zdychava
0;Nandra
0;Prihradzany
1;Rákoš, okres Revúca
4;Revúca
0;Revúcka Lehota
1;Sirk
1;Šivetice
0;Turèok
1;Sása, okres Revúca
0;Mokrá Lúka
8;Rimavská Sobota
0;Babinec
0;Barca
1;Bátka
0;Belín
1;Blhovce
0;Bottovo
0;Budikovany
0;Cakov
0;Èerenèany
0;Èierny Potok
1;Èí
0;Dolné Zahorany
0;Draice
0;Drienèany
0;Dròa
0;Dubno
1;Dubovec
1;Figa
0;Gemerèek
1;Gemerské Dechtáre
1;Gemerskı Jablonec
1;Gortva
1;Hajnáèka
2;Hnúša
1;Hodejov
0;Hodejovec
0;Horné Zahorany
1;Hostice
0;Hostišovce
1;Hrachovo
0;Hrušovo
0;Hubovo
1;Husiná
1;Chanava
1;Chrámec
1;Ivanice
0;Janice
0;Jesenské, okres Rimavská Sobota
0;Jestice
1;Kaloša
0;Kesovce
1;Klenovec
0;Kociha
0;Konrádovce
1;Krá¾
0;Kraskovo
0;Krokava
1;Kruno
0;Kyjatice
0;Lehota nad Rimavicou
1;Lenartovce
0;Lenka
0;Lipovec, okres Rimavská Sobota
0;Lukovištia
0;Martinová
0;Neporadza, okres Rimavská Sobota
1;Nová Bašta
0;Orávka
1;Oïany
1;Padarovce
2;Pavlovce, okres Rimavská Sobota
1;Petrovce, okres Rimavská Sobota
1;Poproè, okres Rimavská Sobota
0;Potok, okres Rimavská Sobota
1;Radnovce
0;Ratkovská Lehota
0;Ratkovská Suchá
1;Rimavská Baòa
1;Rimavská Seè
1;Rimavské Brezovo
1;Rimavské Janovce
1;Rovné, okres Rimavská Sobota
1;Rumince
0;Slizké
0;Stará Bašta
0;Stránska
0;Studená
0;Sútor
1;Šimonovce
1;Širkovce
0;Španie Pole
1;Štrkovec
1;Tachty
1;Teplı Vrch
2;Tisovec
0;Tomášovce, okres Rimavská Sobota
1;Uzovská Panica
1;Vèelince
0;Veèelkov
1;Ve¾ké Teriakovce
1;Ve¾kı Blh
0;Vieska nad Blhom
1;Vlkyòa
1;Valice
0;Vyšnı Skálnik
0;Zádor
0;íp
1;Abovce
0;Rieèka, okres Rimavská Sobota
0;Ninı Skálnik
1;Rimavské Zaluany
0;Rakytník
0;Gemerské Michalovce
0;Vyšné Valice
0;Dulovo
0;Zacharovce
3;Stará ¼ubovòa
1;Èirè
0;Ïurková
1;Forbasy
0;Hajtovka
1;Haligovce
1;Hniezdne
0;Hranièné
1;Hromoš
1;Chme¾nica
1;Jakubany
1;Jarabina
0;Kamienka, okres Stará ¼ubovòa
1;Kolaèkov
0;Kremná
1;Kyjov
0;Lacková
0;Legnava
1;Lesnica
1;Litmanová
1;Lomnièka
1;¼ubotín
1;Malı Lipník
0;Matysová
1;Mníšek nad Popradom
1;Niné Rubachy
1;Nová ¼ubovòa
0;Obruèné
1;Orlov
1;Plaveè
1;Plavnica
1;Podolínec
0;Pusté Pole
0;Ruská Vo¾a nad Popradom
0;Starina
0;Stráòany
0;Sulín
0;Šambron
1;Šarišské Jastrabie
1;Údol
1;Ve¾ká Lesná
1;Ve¾kı Lipník
1;Vislanka
1;Vyšné Rubachy
0;Baòa
1;Breznica
0;Breznièka, okres Stropkov
1;Brusnica
1;Bukovce
0;Bystrá, okres Stropkov
0;Bany
1;Duplín
0;Gribov
1;Havaj
1;Chotèa
0;Jakušovce
1;Kolbovce
0;Korunková
0;Kouchovce
0;Kriš¾ovce
0;Krušinec
1;Lomné
0;Makovce
0;Malá Po¾ana
0;Miková
1;Miòovce
0;Mrázovce
1;Niná Olšava
0;O¾šavka, okres Stropkov
0;Potôèky
0;Potoky
1;Kruèov
0;So¾ník
1;Staškovce
2;Stropkov
0;Šandal
1;Tisinec
0;Tokajík
1;Turany nad Ondavou
0;Varechovce
0;Ve¾krop
0;Vislava
0;Vladièa
0;Vojtovce
0;Vyškovce
1;Vyšná Olšava
0;Vyšnı Hrabovec
1;Giraltovce
1;Kalnište
0;Kobylnice
1;Kraèúnovce
1;Kuková
0;Lúèka, okres Svidník
0;Luany pri Topli
0;Mièakovce
1;elezník
1;elmanovce
3;Svidník
0;Belejovce
0;Beòadikovce
0;Bodrual
1;Cernina
0;Cigla
0;Dlhoòa
0;Dobroslava
0;Dubová, okres Svidník
0;Fijaš
0;Havranec
1;Hrabovèík
0;Hunkovce
0;Jurkova Vo¾a
0;Kapišová
0;Keèkovce
0;Korejovce
0;Krajná Bystrá
1;Krajná Po¾ana
0;Krajná Porúbka
0;Krajné Èierno
1;Krulová
0;Kurimka
1;Ladomirová
0;Matovce
0;Medvedie
0;Mestisko
0;Miro¾a
0;Mlynárovce
0;Niná Jed¾ová
0;Niná Pisaná
0;Ninı Komárnik
0;Ninı Mirošov
0;Ninı Orlík
0;Nová Polianka
1;Okrúhle
0;Príkra
0;Pstriná
1;Radoma
0;Rakovèík
0;Rovné, okres Svidník
1;Roztoky
0;Soboš
1;Stroèín
0;Svidnièka
0;Šarbov
0;Šarišskı Štiavnik
0;Šemetkovce
0;Štefurov
0;Vagrinec
1;Valkovce
0;Vápeník
0;Vyšná Jed¾ová
0;Vyšná Pisaná
0;Vyšnı Komárnik
1;Vyšnı Mirošov
1;Vyšnı Orlík
0;Dukovce
1;Holèíkovce
1;Jasenovce
1;Jastrabie nad Top¾ou
1;Juskova Vo¾a
0;Kamenná Poruba, okres Vranov nad Top¾ou
1;Kladzany
1;Komárany
0;Kuèín, okres Vranov nad Top¾ou
0;Kvakovce
1;Majerovce
0;Malá Domaša
1;Matiaška
1;Medzianky
1;Merník
0;Michalok
1;Ninı Hrabovec
1;Ninı Hrušov
1;Ninı Kruèov
1;Nová Kelèa
1;Ondavské Matiašovce
0;Pavlovce, okres Vranov nad Top¾ou
0;Petkovce
0;Petrovce, okres Vranov nad Top¾ou
0;Piskorovce
1;Poša
0;Prosaèov
1;Radvanovce
0;Rafajovce
1;Remeniny
1;Rudlov
0;Ruská Vo¾a
0;Vyšnı Kazimír
1;Saèurov
1;Seèovská Polianka
1;Sedliská
1;Skrabské
1;Slovenská Kajòa
1;So¾
0;Štefanovce, okres Vranov nad Top¾ou
1;Tovarné
0;Tovarnianska Polianka
0;Vavrinec
1;Vechec
0;Vlaèa
1;Vyšnı ipov
2;Zámutov
0;Zlatník
1;alobín
10;Vranov nad Top¾ou
1;Babie
1;Banské
1;Benkovce
2;Bystré
1;Cabov
1;Èaklov
1;Èièava
1;Èierne nad Top¾ou
1;Ïapalovce
1;Davidov
0;Detrík
1;Dlhé Klèovo
0;Ïurïoš
0;Giglovce
0;Girovce
1;Hanušovce nad Top¾ou
1;Hermanovce nad Top¾ou
1;Hlinné
1;Hencovce
1;Vaniškovce
12;Bardejov
1;Abrahámovce, okres Bardejov
0;Andrejová
1;Bartošovce
0;Becherov
1;Belovea
0;Bogliarka
0;Brezov
0;Brezovka
0;Buclovany
0;Cige¾ka
1;Dubinné
0;Frièka
1;Frièkovce
1;Gaboltov
2;Gerlachov, okres Bardejov
2;Hankovce, okres Bardejov
1;Harhaj
1;Halín
1;Hertník
1;Hervartov
1;Hrabovec
1;Hrabské
0;Hutka
1;Chme¾ová
1;Janovce
0;Jedlinka
1;K¾ušov
1;Kobyly
2;Kochanovce, okres Bardejov
1;Komárov
1;Koprivnica
0;Koany
0;Krivé
0;Kríe
1;Krulov
2;Kuèín, okres Bardejov
1;Kurima
1;Kurov
1;Lascov
1;Lenartov
0;Lipová, okres Bardejov
0;Livov
0;Livovská Huta
1;Lopúchov
0;Lukavica, okres Bardejov
1;Lukov
1;Malcov
1;Marhaò
0;Mikulášová
1;Mokroluh
2;Nemcovce, okres Bardejov
1;Niná Polianka
0;Niná Vo¾a
1;Ninı Tvaroec
0;O¾šavce
0;Ondavka
0;Ortuová
1;Osikov
1;Petrová
1;Poliakovce
0;Porúbka, okres Bardejov
0;Regetovka
1;Rešov
1;Richvald
1;Rokytov
1;Smilno
1;Snakov
0;Stebnícka Huta
1;Stebník
1;Stu¾any
1;Sverov
1;Šarišské Èierne
1;Šašová
1;Šiba
1;Tarnov
1;Troèany
0;Varadka
0;Vyšná Polianka
1;Vyšná Vo¾a
2;Raslavice
0;Vyšnı Kruèov
0;Vyšnı Tvaroec
1;Zborov
1;Zlaté
0;Valaškovce (vojenskı obvod)
15;Humenné
0;Adidovce
1;Baškovce, okres Humenné
1;Brekov
2;Brestov, okres Humenné
0;Èernina
0;Dedaèov
0;Hankovce, okres Humenné
1;Hrabovec nad Laborcom
1;Hrubov
1;Hudcovce
1;Rokytov pri Humennom
1;Chlmec
0;Jabloò
1;Jankovce
1;Kamenica nad Cirochou
2;Kamienka, okres Humenné
0;Karná
0;Kochanovce, okres Humenné
1;Koškovce
0;Lieskovec, okres Humenné
1;¼ubiša
1;Lukaèovce
1;Modra nad Cirochou
0;Myslina
0;Nechválova Polianka
0;Niná Jablonka
1;Niné Ladièkovce
1;Ohradzany
1;Papín
0;Porúbka, okres Humenné
0;Ptièie
0;Rovné, okres Humenné
1;Slovenská Volová
0;Slovenské Krivé
1;Topo¾ovka
1;Turcovce
1;Udavské
1;Ve¾opolie
0;Víazovce
0;Vyšná Jablonka
0;Vyšné Ladièkovce
1;Vyšnı Hrušov
3;Závadka, okres Humenné
1;Zbudské Dlhé
1;Zubné
1;Košarovce
1;Niná Sitnica
1;Pakostov
0;Pritu¾any
0;Rohoník, okres Humenné
0;Ruská Kajòa
0;Ruská Poruba
1;Vyšná Sitnica
0;Závada, okres Humenné
1;Jasenov, okres Humenné
1;Haín nad Cirochou
0;Sopkovce
0;Gruzovce
0;Maškovce
1;Lackovce
0;Abrahámovce, okres Kemarok
0;Bušovce
1;Èervenı Kláštor
0;Havka
1;Holumnica
0;Hradisko
1;Huncovce
1;Ih¾any
0;Javorina (vojenskı obvod)
0;Jezersko
1;Jurské
6;Kemarok
1;Kríová Ves
0;Lechnica
1;Lendak
0;Majere
1;¼ubica
1;Matiašovce
1;Mlynèeky
0;Osturòa
0;Podhorany, okres Kemarok
3;Rakúsy
0;Re¾ov
1;Slovenská Ves
1;Spišská Belá
1;Spišská Stará Ves
1;Spišské Hanušovce
1;Stará Lesná
1;Stráne pod Tatrami
2;Toporec
1;Tvaroná
1;Ve¾ká Franková
1;Ve¾ká Lomnica
1;Vlková
1;Vlkovce
1;Vojòany
1;Vrbov
1;Vıborná
0;Zálesie, okres Kemarok
1;akovce
0;Malá Franková
1;Malı Slavkov
0;Baldovce
0;Beharovce
1;Bijacovce
0;Brutovce
1;Buglovce
1;Dlhé Stráe
0;Do¾any, okres Levoèa
1;Domaòovce
1;Dravce
0;Dúbrava, okres Levoèa
1;Granè-Petrovce
0;Harakovce
0;Vyšné Repaše
0;Vyšnı Slavkov
1;Jablonov
1;Klèov
1;Kurimany
5;Levoèa
2;Lúèka, okres Levoèa
1;Nemešany
0;Niné Repaše
1;O¾šavica
0;Ordzovany
0;Pav¾any
0;Po¾anovce
0;Pongrácovce
2;Spišské Podhradie
1;Spišskı Hrhov
1;Spišskı Štvrtok
1;Studenec
1;Torysky
0;Uloa
0;Korytné
0;Brestov nad Laborcom
0;Èabalovce
1;Èabiny
0;Èertiné
1;Habura
0;Kalinov
1;Krásny Brod
3;Medzilaborce
0;Òagov
0;O¾ka
0;O¾šinkov
0;Palota
1;Radvaò nad Laborcom
0;Repejov
0;Roškovce
0;Sukov
0;Svetlice
0;Valentovce
0;Volica
0;Vırava
0;Zbojné
0;Zbudská Belá
0;Rokytovce
15;Poprad
1;Batizovce
1;Gánovce
0;Gerlachov, okres Poprad
1;Hôrka
1;Hozelec
2;Hranovnica
0;Jánovce, okres Poprad
2;Kravany, okres Poprad
1;Liptovská Teplièka
1;Luèivná
1;Mengusovce
2;Mlynica
1;Nová Lesná
1;Spišská Teplica
1;Spišské Bystré
1;Spišskı Štiavnik
3;Svit
1;Štrba
2;Švábovce
1;Ve¾kı Slavkov
1;Vernár
1;Vikartovce
1;Vydrník
1;Šuòava
1;diar
0;Štôla
5;Vysoké Tatry
0;Tatranská Javorina
2;Haniska, okres Prešov
2;¼ubotice
37;Prešov
1;Abranovce
1;Bajerov
1;Bertotovce
0;Brestov, okres Prešov
1;Bretejovce
0;Breany
1;Bzenov
0;Èelovce, okres Prešov
0;Èervenica
1;Demjata
1;Drienov
1;Drienovská Nová Ves
1;Dulova Ves
2;Fintice
1;Frièovce
1;Fulianka
0;Geraltov
1;Gregorovce
0;Hendrichovce
0;Hermanovce
1;Hrabkov
1;Chme¾ov
1;Chme¾ovec
1;Chminianska Nová Ves
1;Chminianske Jakubovany
1;Chmiòany
1;Janov
0;Janovík
1;Kapušany
1;Kendice
0;Klenov
1;Kojatice
1;Kokošovce
0;Kríovany
0;Kvaèany, okres Prešov
1;Lada
0;Laany
1;Lemešany
0;Lesíèek
1;Lièartovce
1;Lipovce
1;¼ubovec
0;Lúèina
0;Malı Slivník
1;Malı Šariš
1;Miklušovce
1;Mirkovce
0;Mošurov
0;Nemcovce, okres Prešov
1;Okruná
0;Ondrašovce
1;Ovèie
1;Petrovany
0;Podhorany, okres Prešov
1;Podhradík
1;Proè
1;Pušovce
1;Radatice
1;Rokycany
1;Ruská Nová Ves
1;Sedlice
0;Seniakovce
2;Svinia
1;Šarišská Poruba
0;Šarišská Trstená
1;Šarišské Bohdanovce
1;Šindliar
1;Široké
0;Štefanovce, okres Prešov
1;Teriakovce
1;Teròa
0;Trnkov
1;Tuhrina
1;Tulèík
1;Varhaòovce
1;Ve¾kı Slivník
2;Ve¾kı Šariš
1;Víaz
1;Vyšná Šebastová
1;Záborské
1;Záhradné
0;Zlatá Baòa
1;ehòa
1;ipov
1;upèany
1;Medzany
1;Lipníky
0;Suchá Dolina
0;Bajerovce
1;Bodovce
0;Brezovica, okres Sabinov
1;Brezovièka
1;Èervená Voda
1;Èervenica pri Sabinove
1;Ïaèov
0;Daletice
1;Drienica
1;Dubovica
0;Hanigovce
1;Hubošovce
1;Jakovany
1;Jakubova Vo¾a
0;Jakubovany, okres Sabinov
1;Jarovnice
1;Kamenica
1;Krásna Lúka
1;Krivany
3;Lipany
0;Lúèka, okres Sabinov
1;¼utina
1;Milpoš
1;Ninı Slavkov
0;Olejníkov
1;O¾šov
1;Ostrovany
2;Peèovská Nová Ves
1;Poloma
0;Ratvaj
1;Raòany
0;Renèišov
1;Rokovany
7;Sabinov
1;Šarišské Dravce
1;Šarišské Micha¾any
0;Šarišské Sokolovce
0;Tichı Potok
2;Torysa
1;Uzovce
1;Uzovské Pek¾any
1;Uzovskı Šalgov
0;Vysoká, okres Sabinov
1;Belá nad Cirochou
0;Brezovec
0;Èukalovce
1;Dlhé nad Cirochou
0;Dúbrava, okres Snina
0;Hostovice
0;Hrabová Roztoka
0;Jalová
1;Kalná Roztoka
1;Klenová
0;Kolbasov
1;Kolonica
0;Ladomirov
0;Michajlov
0;Nová Sedlica
0;Osadné
0;Parihuzovce
0;Pèoliné
1;Pichne
0;Príslop
0;Runina
0;Ruská Volová
0;Ruskı Potok
9;Snina
0;Stakèínska Roztoka
1;Stakèín
0;Strihovce
0;Šmigovec
0;Topo¾a
1;Ub¾a
1;Uliè
0;Ulièské Krivé
0;Zboj
1;Zemplínske Hámre
18;Spišská Nová Ves
1;Arnutovce
1;Betlanovce
1;Bystrany
1;Danišovce
1;Harichovce
1;Hincovce
1;Hnilèík
0;Hnilec
2;Hrabušice
1;ehra
1;Chras nad Hornádom
1;Iliašovce
0;Jamník, okres Spišská Nová Ves
1;Ka¾ava
1;Kolinovce
3;Krompachy
1;Letanovce
1;Lieskovany
1;Markušovce
1;Matejovce nad Hornádom
1;Mlynky
1;Odorín
1;Olcnava
0;O¾šavka, okres Spišská Nová Ves
1;Poráè
2;Rudòany
1;Slatvina
1;Slovinky
2;Spišské Tomášovce
1;Spišské Vlachy
1;Spišskı Hrušov
1;Teplièka
1;Vítkovce
1;Vojkovce
4;Smiany
1;Malá Tàòa
0;Ve¾ká Tàòa
0;Klin nad Bodrogom
1;Stanèa
5;Trebišov
1;Baèka
1;Baèkov
1;Bara
1;Biel
1;Svätá Mária
1;Bo¾
1;Borša
1;Boany
1;Brehov
1;Brezina
0;Byšta
1;Cejkov
1;Èe¾ovce
1;Èerhov
0;Èernochov
1;Èierna
1;Èierna nad Tisou
1;Dargov
1;Dobrá
1;Dvorianky
0;Egreš
1;Hraò
1;Hrèe¾
0;Hriadky
0;Kašov
1;Kazimír
0;Kouchov
2;Krá¾ovskı Chlmec
0;Kravany, okres Trebišov
0;Kuzmice, okres Trebišov
0;Kysta
1;Ladmovce
1;Lastovce
1;Leles
0;Luhyòa
0;Malé Ozorovce
1;Malé Trakany
1;Malı Horeš
1;Malı Kamenec
1;Micha¾any
1;Ninı ipov
1;Novosad
1;Novı Ruskov
1;Plechotice
1;Svätuše
1;Po¾any
1;Parchovany
1;Pribeník
1;Rad
3;Seèovce
1;Sirník
1;Slivník
1;Slovenské Nové Mesto
0;So¾nièka
1;Somotor
0;Stankovce
1;Stráne
1;Streda nad Bodrogom
0;Svinice
0;Trnávka, okres Trebišov
1;Ve¾aty
1;Ve¾ké Ozorovce
1;Ve¾ké Trakany
1;Ve¾kı Horeš
1;Ve¾kı Kamenec
1;Vinièky
0;Višòov
1;Vojèice
1;Vojka
1;Zatín
0;Zbehòov
1;Zemplín
1;Zemplínska Nová Ves
1;Zemplínska Teplica
1;Zemplínske Hradište
1;Zemplínske Jastrabie
0;Zemplínsky Branè
2;Gelnica
1;Helcmanovce
0;Henclová
0;Závadka, okres Gelnica
1;akarovce
0;Hrišovce
1;Jaklovce
1;Kluknava
1;Kojšov
1;Margecany
1;Mníšek nad Hnilcom
2;Nálepkovo
1;Prakovce
1;Richnava
1;Smolnícka Huta
1;Smolník
0;Stará Voda
2;Švedlár
0;Úhorná
1;Ve¾kı Folkmar
1;Košice - mestská èas Kaveèany
1;Košice - mestská èas ahanovce
11;Košice - mestská èas Sever
14;Košice - mestská èas Staré Mesto
7;Košice - mestská èas Sídlisko ahanovce
1;Košice - mestská èas Dung¾a
0;Košice - mestská èas Lorinèík
0;Košice - mestská èas Pereš
1;Košice - mestská èas Myslava
14;Košice - mestská èas Západ
1;Košice - mestská èas Šaca
1;Košice - mestská èas Po¾ov
8;Košice - mestská èas Sídlisko KVP
2;Košice - mestská èas Luník IX
10;Košice - mestská èas Dargovskıch hrdinov
2;Košice - mestská èas Košická Nová Ves
1;Košice - mestská èas Barca
1;Košice - mestská èas Šebastovce
2;Košice - mestská èas Krásna
6;Košice - mestská èas Nad jazerom
11;Košice - mestská èas Juh
0;Košice - mestská èas Vyšné Opátske
0;Hosovce, okres Košice - okolie
0;Slanèík
0;Háj, okres Košice - okolie
0;Niná Hutka
1;Baèkovík
0;Baška
0;Bela
1;Beniakovce
1;Bidovce
0;Blaice
1;Bohdanovce
1;Boliarov
1;Budimír
0;Bukovec, okres Košice - okolie
0;Bunetice
1;Buzica
1;Cestice
0;Èakanovce, okres Košice - okolie
2;Èaòa
1;Èeèejovce
1;Èiatice
0;Debraï
1;Drienovec
1;Drustevná pri Hornáde
1;Ïurïošík
1;Ïurkov
1;Geèa
1;Gyòov
0;Haèava
0;Haniska, okres Košice - okolie
0;Her¾any
0;Hodkovce
0;Hrašovík
1;Hı¾ov
0;Chrastné
1;Janík
2;Jasov
1;Kalša
1;Kecerovce
0;Kecerovskı Lipovec
1;Kokšov-Bakša
0;Komárovce
1;Košická Belá
1;Košická Polianka
1;Košické O¾šany
1;Košickı Kleèenov
1;Krá¾ovce
1;Kysak
1;Malá Ida
0;Malá Lodina
1;Medzev
1;Mokrance
6;Moldava nad Bodvou
0;Mudrovce
1;Niná Kamenica
1;Niná Myš¾a
1;Ninı Èaj
1;Ninı Klátov
1;Ninı Lánec
1;Turnianska Nová Ves
1;Nováèany
1;Nová Polhora
1;Novı Salaš
1;Obišovce
1;Olšovany
0;Opátka
0;Opiná
1;Paòovce
1;Peder
1;Perín-Chym
0;Ploské, okres Košice - okolie
0;Poproè, okres Košice - okolie
0;Rákoš, okres Košice - okolie
1;Rankovce
0;Rešica
1;Rozhanovce
0;Rudník, okres Košice - okolie
1;Ruskov
2;Sady nad Torysou
1;Seòa
1;Skároš
1;Slanec
0;Slanská Huta
1;Slanské Nové Mesto
1;Soko¾
1;Svinica
1;Šemša
1;Štós
0;Trebejov
0;Trsany
1;Trstené pri Hornáde
1;Vajkovce
2;Valaliky
1;Ve¾ká Ida
0;Ve¾ká Lodina
1;Vtáèkovce
0;Vyšná Hutka
0;Vyšná Kamenica
1;Vyšná Myš¾a
0;Vyšnı Èaj
1;Vyšnı Klátov
0;Zlatá Idka
0;arnov
1;daòa
1;Kechnec
2;Turòa nad Bodvou
0;Boèiar
1;Soko¾any
1;Dvorníky-Vèeláre
0;Zádiel
1;Milhos
0;Vyšnı Medzev
1;Kosto¾any nad Hornádom
0;Chorváty
0;Budince
11;Michalovce
1;Bajany
1;Bánovce nad Ondavou
1;Bracovce
1;Budkovce
0;Èeèehov
1;Dúbravka
1;Falkušovce
1;Hatalov
0;Haín
0;Hnojné
0;Horovce, okres Michalovce
1;Iòaèovce
0;Jastrabie pri Michalovciach
1;Jovsa
0;Kaèanov
1;Kalua
0;Klokoèov, okres Michalovce
0;Zemplínske Kopèany
1;Krásnovce
0;Kusín
1;Lastomír
0;Laškovce
1;Lesné
1;Loín
0;Lúèky, okres Michalovce
1;Malèice
0;Malé Raškovce
1;Markovce
1;Moravany
1;Nacina Ves
0;Oreské, okres Michalovce
1;Palín
1;Pavlovce nad Uhom
0;Petrikovce
1;Petrovce nad Laborcom
1;Poruba pod Vihorlatom
1;Pozdišovce
0;Pusté Èemerné
1;Rakovec nad Ondavou
0;Senné, okres Michalovce
1;Slavkovce
1;Sliepkovce
1;Staré
1;Stráske
1;Stretava
0;Stretavka
0;Suché
0;Šamudovce
2;Trhovište
0;Trnava pri Laborci
0;Tušice
1;Tušická Nová Ves
1;Zaluice
1;Vinné
0;Vo¾a
0;Vrbnica
1;Vysoká nad Uhom
0;Závadka, okres Michalovce
1;Zbudza
1;Zemplínska Široká
1;bince
0;Beša, okres Michalovce
1;Èièarovce
1;Èierne Pole
1;Drahòov
0;Ikovce
1;Kapušianske K¾aèany
1;Krišovská Liesková
1;Maovské Vojkovce
1;Oborín
1;Ptrukša
1;Ruská
2;Ve¾ké Kapušany
1;Ve¾ké Raškovce
1;Ve¾ké Slemence
1;Vojany
1;Bretka
1;Gemerská Panica
10;Roòava
0;Ardovo
1;Betliar
0;Bohúòovo
1;Bôrka
0;Brdárka
0;Èierna Lehota, okres Roòava
1;Èoltovo
0;Dedinky
1;Dlhá Ves
2;Dobšiná
1;Drnava
1;Gemerská Hôrka
1;Gemerská Poloma
0;Goèaltovo
1;Goèovo
0;Hanková
1;Henckovce
0;Honce
1;Hrhov
0;Hrušov, okres Roòava
1;Jablonov nad Turòou
1;Keèovo
1;Kobeliarovo
0;Koce¾ovce
0;Kováèová, okres Roòava
1;Krásnohorská Dlhá Lúka
2;Krásnohorské Podhradie
1;Kunova Teplica
0;Lipovník, okres Roòava
0;Lúèka, okres Roòava
1;Markuška
0;Meliata
1;Niná Slaná
1;Ochtiná
1;Paèa
1;Pašková
0;Petrovo
1;Plešivec
0;Rakovnica
1;Rejdová
0;Rochovce
1;Roštár
0;Rozloná
1;Roòavské Bystré
1;Rudná
1;Silica
0;Silická Brezová
0;Silická Jablonica
0;Slavec
0;Slavoška
1;Slavošovce
0;Stratená
1;Štítnik
1;Vlachovo
1;Vyšná Slaná
1;Brzotín
1;Èuèma
1;Jovice
1;Kruná
0;Baškovce, okres Sobrance
0;Beòatina
1;Beovce
0;Blatná Polianka
1;Blatné Remety
0;Blatné Revištia
0;Bunkovce
0;Fekišovce
1;Hlivištia
0;Horòa
0;Husák
1;Choòkovce
0;Inovce
0;Jasenov, okres Sobrance
1;Jenkovce
0;Kolibabovce
0;Koòuš
1;Korom¾a
1;Krèava
0;Kristy
1;Lekárovce
0;Niná Rybnica
0;Niné Nemecké
0;Orechová
0;Ostrov, okres Sobrance
0;Petrovce, okres Sobrance
0;Pinkovce
1;Podhoroï
0;Porostov
0;Porúbka, okres Sobrance
0;Priekopa
1;Remetské Hámre
0;Ruská Bystrá
0;Ruskovce, okres Sobrance
0;Ruskı Hrabovec
0;Sejkov
2;Sobrance
0;Svätuš
0;Tašu¾a
1;Tibava
1;Úbre
1;Ve¾ké Revištia
0;Vojnatina
1;Vyšná Rybnica
0;Vyšné Nemecké
1;Vyšné Remety
1;Záhor
0;Zahranièie
0;Zahranièie
